boxid,label,class_
40498,1,B48
24303,1,B48
48328,1,B48
13981,1,B48
19874,1,B48
14492,1,B48
12376,1,B48
24985,1,B48
11831,1,B48
49643,1,B48
45777,1,B48
45711,1,B48
47098,1,B48
7894,1,B48
49665,1,B48
15697,1,B48
12177,1,B48
52989,1,B48
21520,1,B48
8417,1,B48
60898,1,B48
7672,1,B48
39900,1,B48
26421,1,B48
53493,1,B48
15617,1,B48
16043,1,B48
51035,1,B48
476,1,B48
24013,1,B48
36488,1,B48
47489,1,B48
53394,1,B48
53349,1,B48
52680,1,B48
48178,1,B48
16601,1,B48
40621,1,B48
44175,1,B48
53511,1,B48
49774,1,B48
25346,1,B48
20206,1,B48
15515,1,B48
19802,1,B48
47216,1,B48
32576,1,B48
43996,1,B48
51102,1,B48
26319,1,B48
21869,1,B48
9809,1,B48
47302,1,B48
15497,1,B48
22472,1,B48
40519,1,B48
26134,1,B48
1004,1,B48
53664,1,B48
21810,1,B48
32747,1,B48
25451,1,B48
11924,1,B48
51209,1,B48
52899,1,B48
53717,1,B48
1279,1,B48
16196,1,B48
24520,1,B48
15443,1,B48
25496,1,B48
14351,1,B48
16409,1,B48
53673,1,B48
57301,1,B48
623,1,B48
45913,1,B48
9445,1,B48
52165,1,B48
43773,1,B48
24259,1,B48
47455,1,B48
48196,1,B48
43790,1,B48
53286,1,B48
24761,1,B48
24363,1,B48
50862,1,B48
27087,1,B48
8976,1,B48
24999,1,B48
14901,1,B48
7151,1,B48
51113,1,B48
39820,1,B48
26874,1,B48
22745,1,B48
25511,1,B48
9413,1,B48
11879,1,B48
50994,1,B48
50051,1,B48
16261,1,B48
14565,1,B48
24690,1,B48
8079,1,B48
20443,1,B48
14111,1,B48
9461,1,B48
26351,1,B48
27070,1,B48
53466,1,B48
32332,1,B48
8212,1,B48
9088,1,B48
12160,1,B48
50206,1,B48
50305,1,B48
27274,1,B48
44227,1,B48
15850,1,B48
44018,1,B48
7993,1,B48
8226,1,B48
24774,1,B48
49932,1,B48
12410,1,B48
15116,1,B48
26911,1,B48
263,1,B48
26185,1,B48
9056,1,B48
793,1,B48
7740,1,B48
25977,1,B48
53520,1,B48
48395,1,B48
15585,1,B48
26168,1,B48
9040,1,B48
36616,1,B48
25820,1,B48
20591,1,B48
61038,1,B48
53484,1,B48
14998,1,B48
53735,1,B48
24677,1,B48
16531,1,B48
40579,1,B48
42171,10,B10
32309,10,B10
15840,10,B10
8400,10,B10
36368,10,B10
21915,10,B10
21808,10,B10
16333,10,B10
18850,10,B10
35259,10,B10
22654,10,B10
37279,10,B10
11108,10,B10
43193,10,B10
43218,10,B10
60799,10,B10
39749,10,B10
39586,10,B10
44112,10,B10
14861,10,B10
62419,10,B10
43006,10,B10
15364,10,B10
55976,10,B10
21380,10,B10
34693,10,B10
19903,10,B10
42561,10,B10
28846,10,B10
60143,10,B10
29831,10,B10
50662,10,B10
54191,10,B10
35427,10,B10
2516,10,B10
22668,10,B10
46859,10,B10
18877,10,B10
61430,10,B10
8385,10,B10
2613,10,B10
32521,10,B10
29477,10,B10
23417,10,B10
36670,10,B10
19686,10,B10
36585,10,B10
33751,10,B10
33981,10,B10
15296,10,B10
50740,10,B10
2598,10,B10
33408,10,B10
24943,10,B10
23871,10,B10
22707,10,B10
28293,10,B10
34009,10,B10
28007,10,B10
38368,10,B10
8165,10,B10
26729,10,B10
43842,10,B10
34819,10,B10
57169,10,B10
28535,10,B10
46982,10,B10
56702,10,B10
41665,10,B10
28757,10,B10
56610,10,B10
24365,10,B10
21627,10,B10
28638,10,B10
24111,10,B10
29331,10,B10
50170,10,B10
23711,10,B10
62463,10,B10
23106,10,B10
57112,10,B10
14646,10,B10
18883,10,B10
37400,10,B10
38227,10,B10
56599,10,B10
9859,10,B10
15469,10,B10
59864,10,B10
24535,10,B10
38333,10,B10
2857,10,B10
62590,10,B10
21992,10,B10
28394,10,B10
60783,10,B10
24549,10,B10
24095,10,B10
44205,10,B10
60968,10,B10
42477,10,B10
45388,10,B10
44839,10,B10
41397,10,B10
7724,10,B10
11651,10,B10
18855,10,B10
36648,10,B10
26089,10,B10
52353,10,B10
33207,10,B10
32273,10,B10
42822,10,B10
44503,10,B10
46522,10,B10
35545,10,B10
23999,10,B10
34798,10,B10
33609,10,B10
24276,10,B10
44384,10,B10
45957,10,B10
45601,10,B10
23209,10,B10
40086,10,B10
55824,10,B10
22173,10,B10
6756,10,B10
62505,10,B10
48888,10,B10
50671,10,B10
9691,10,B10
21820,10,B10
63206,10,B10
14988,10,B10
11634,10,B10
41755,10,B10
18835,10,B10
2690,10,B10
27995,10,B10
45511,10,B10
34356,10,B10
50367,10,B10
8280,10,B10
28282,10,B10
34945,10,B10
45822,10,B10
28335,10,B10
12355,10,B10
36280,10,B10
22975,5,B25
34826,5,B25
55546,5,B25
29622,5,B25
58008,5,B25
6496,5,B25
30058,5,B25
36397,5,B25
9973,5,B25
54199,5,B25
37870,5,B25
11178,5,B25
32299,5,B25
9631,5,B25
47990,5,B25
8390,5,B25
54122,5,B25
32000,5,B25
46409,5,B25
30936,5,B25
32132,5,B25
57670,5,B25
36088,5,B25
55263,5,B25
23323,5,B25
21886,5,B25
22215,5,B25
21634,5,B25
61103,5,B25
61055,5,B25
55526,5,B25
11581,5,B25
44595,5,B25
57930,5,B25
11535,5,B25
22319,5,B25
46079,5,B25
55676,5,B25
7014,5,B25
6755,5,B25
33437,5,B25
22126,5,B25
686,5,B25
33546,5,B25
8324,5,B25
57793,5,B25
9307,5,B25
22515,5,B25
48660,5,B25
6899,5,B25
22056,5,B25
37109,5,B25
32075,5,B25
32044,5,B25
34952,5,B25
413,5,B25
13462,5,B25
34847,5,B25
32873,5,B25
34271,5,B25
30661,5,B25
61167,5,B25
36196,5,B25
36677,5,B25
55311,5,B25
21923,5,B25
57363,5,B25
35899,5,B25
48720,5,B25
29165,5,B25
11951,5,B25
37690,5,B25
11967,5,B25
11003,5,B25
13575,5,B25
37034,5,B25
12121,5,B25
54599,5,B25
48613,5,B25
37600,5,B25
32512,5,B25
32118,5,B25
12138,5,B25
54067,5,B25
13364,5,B25
21005,5,B25
20698,5,B25
19833,5,B25
55303,5,B25
8128,5,B25
8465,5,B25
43412,5,B25
43941,5,B25
46300,5,B25
54610,5,B25
46621,5,B25
57418,5,B25
54849,5,B25
6439,5,B25
9794,5,B25
31841,5,B25
61227,5,B25
9218,5,B25
33096,5,B25
47825,5,B25
11935,5,B25
57719,5,B25
46127,5,B25
21289,5,B25
32793,5,B25
55043,5,B25
13591,5,B25
11315,5,B25
29652,5,B25
48514,5,B25
13238,5,B25
57962,5,B25
29872,5,B25
57285,5,B25
20338,5,B25
43540,5,B25
8900,5,B25
20456,5,B25
61039,5,B25
22455,5,B25
13729,5,B25
31313,5,B25
60189,5,B25
9663,5,B25
20768,5,B25
32090,5,B25
47105,5,B25
19725,5,B25
20354,5,B25
441,5,B25
21646,5,B25
29539,5,B25
9566,5,B25
399,5,B25
9812,5,B25
34763,5,B25
21961,5,B25
35117,5,B25
9075,5,B25
13222,5,B25
12980,5,B25
8947,5,B25
48027,5,B25
8915,5,B25
54731,5,B25
50957,15,A15
26972,15,A15
17773,15,A15
14251,15,A15
24648,15,A15
12178,15,A15
12343,15,A15
32896,15,A15
24755,15,A15
12884,15,A15
35242,15,A15
30734,15,A15
29359,15,A15
26324,15,A15
56056,15,A15
47318,15,A15
30099,15,A15
50350,15,A15
12309,15,A15
44208,15,A15
50134,15,A15
18014,15,A15
24005,15,A15
45603,15,A15
50734,15,A15
43899,15,A15
45324,15,A15
32604,15,A15
53353,15,A15
38600,15,A15
45549,15,A15
17842,15,A15
47454,15,A15
27212,15,A15
11941,15,A15
24415,15,A15
16191,15,A15
34853,15,A15
28045,15,A15
23059,15,A15
50509,15,A15
23941,15,A15
26680,15,A15
3706,15,A15
39842,15,A15
52894,15,A15
14886,15,A15
25412,15,A15
49746,15,A15
53641,15,A15
35526,15,A15
34519,15,A15
14015,15,A15
24486,15,A15
23734,15,A15
50380,15,A15
28592,15,A15
24541,15,A15
12074,15,A15
23589,15,A15
53245,15,A15
56946,15,A15
44949,15,A15
30042,15,A15
52858,15,A15
48361,15,A15
26662,15,A15
16651,15,A15
14401,15,A15
25100,15,A15
50622,15,A15
52885,15,A15
52308,15,A15
26123,15,A15
16414,15,A15
13726,15,A15
7262,15,A15
30425,15,A15
45097,15,A15
28069,15,A15
23300,15,A15
13935,15,A15
55886,15,A15
52756,15,A15
30138,15,A15
56737,15,A15
32681,15,A15
49856,15,A15
50835,15,A15
11674,15,A15
53812,15,A15
49989,15,A15
3729,15,A15
26861,15,A15
51183,15,A15
50370,15,A15
8154,15,A15
53272,15,A15
53560,15,A15
28422,15,A15
53236,15,A15
25472,15,A15
25563,15,A15
11606,15,A15
34622,15,A15
25517,15,A15
14710,15,A15
3695,15,A15
56850,15,A15
25087,15,A15
27974,15,A15
50054,15,A15
50541,15,A15
29625,15,A15
50675,15,A15
45251,15,A15
29483,15,A15
56167,15,A15
11368,15,A15
24660,15,A15
26716,15,A15
18080,15,A15
30751,15,A15
44352,15,A15
53452,15,A15
50815,15,A15
24583,15,A15
56631,15,A15
29495,15,A15
52666,15,A15
50885,15,A15
13950,15,A15
22933,15,A15
56330,15,A15
50685,15,A15
7966,15,A15
50613,15,A15
53083,15,A15
46039,15,A15
7307,15,A15
29019,15,A15
53479,15,A15
23507,15,A15
49676,15,A15
27813,15,A15
45976,15,A15
43789,15,A15
26770,15,A15
26480,15,A15
28057,15,A15
57424,0,B5
7298,0,B5
57452,0,B5
15207,0,B5
51959,0,B5
6432,0,B5
22779,0,B5
7906,0,B5
26099,0,B5
37060,0,B5
10408,0,B5
21194,0,B5
60465,0,B5
29028,0,B5
54336,0,B5
39927,0,B5
60506,0,B5
39766,0,B5
55205,0,B5
37439,0,B5
55028,0,B5
61264,0,B5
62749,0,B5
10917,0,B5
7711,0,B5
39033,0,B5
60114,0,B5
61705,0,B5
42204,0,B5
39628,0,B5
41170,0,B5
31486,0,B5
21347,0,B5
32656,0,B5
29984,0,B5
43330,0,B5
37319,0,B5
62387,0,B5
42904,0,B5
34854,0,B5
11206,0,B5
34917,0,B5
63066,0,B5
42535,0,B5
37584,0,B5
41342,0,B5
44666,0,B5
8632,0,B5
55495,0,B5
35606,0,B5
36621,0,B5
26724,0,B5
44749,0,B5
30097,0,B5
41286,0,B5
57004,0,B5
62645,0,B5
8372,0,B5
10438,0,B5
38221,0,B5
6980,0,B5
36600,0,B5
39906,0,B5
43943,0,B5
31566,0,B5
34707,0,B5
55823,0,B5
24824,0,B5
54134,0,B5
32145,0,B5
61690,0,B5
31661,0,B5
60906,0,B5
9341,0,B5
489,0,B5
6197,0,B5
36184,0,B5
7512,0,B5
23079,0,B5
57787,0,B5
54589,0,B5
24225,0,B5
14130,0,B5
25477,0,B5
32545,0,B5
62158,0,B5
57650,0,B5
61339,0,B5
24784,0,B5
24433,0,B5
34206,0,B5
59875,0,B5
37800,0,B5
35020,0,B5
21483,0,B5
38642,0,B5
29947,0,B5
25235,0,B5
6210,0,B5
22644,0,B5
32089,0,B5
15669,0,B5
6452,0,B5
7088,0,B5
54068,0,B5
62064,0,B5
26688,0,B5
29668,0,B5
36449,0,B5
56828,0,B5
31518,0,B5
43073,0,B5
11066,0,B5
57138,0,B5
61428,0,B5
35744,0,B5
2649,0,B5
3541,0,B5
41964,0,B5
33705,0,B5
7633,0,B5
54678,0,B5
36006,0,B5
33667,0,B5
26417,0,B5
2554,0,B5
26778,0,B5
10774,0,B5
36753,0,B5
32421,0,B5
45577,0,B5
37566,0,B5
26020,0,B5
26347,0,B5
55650,0,B5
25161,0,B5
20988,0,B5
57480,0,B5
57410,0,B5
26331,0,B5
31898,0,B5
57277,0,B5
62869,0,B5
13256,0,B5
54079,0,B5
8521,0,B5
42306,0,B5
44476,0,B5
8225,0,B5
210,0,B5
11261,21,A57
19246,21,A57
37902,21,A57
30395,21,A57
36046,21,A57
37632,21,A57
42530,21,A57
41281,21,A57
37560,21,A57
41857,21,A57
37361,21,A57
43372,21,A57
31831,21,A57
32532,21,A57
33290,21,A57
54060,21,A57
58021,21,A57
19262,21,A57
43217,21,A57
55071,21,A57
19026,21,A57
57985,21,A57
37812,21,A57
54093,21,A57
42926,21,A57
33328,21,A57
9939,21,A57
29823,21,A57
36593,21,A57
57403,21,A57
33727,21,A57
44240,21,A57
8650,21,A57
31730,21,A57
34954,21,A57
29916,21,A57
44418,21,A57
42781,21,A57
52315,21,A57
31685,21,A57
40410,21,A57
43555,21,A57
10182,21,A57
44130,21,A57
42168,21,A57
53941,21,A57
33421,21,A57
39856,21,A57
8351,21,A57
37207,21,A57
41178,21,A57
57929,21,A57
20846,21,A57
31944,21,A57
9712,21,A57
54204,21,A57
20281,21,A57
19991,21,A57
10025,21,A57
36960,21,A57
31700,21,A57
33238,21,A57
30320,21,A57
40515,21,A57
6456,21,A57
8696,21,A57
54806,21,A57
37794,21,A57
54852,21,A57
41085,21,A57
8421,21,A57
44169,21,A57
43304,21,A57
54137,21,A57
43518,21,A57
43321,21,A57
33603,21,A57
19151,21,A57
6772,21,A57
58091,21,A57
42951,21,A57
54929,21,A57
32078,21,A57
42768,21,A57
54549,21,A57
40951,21,A57
52441,21,A57
36222,21,A57
52429,21,A57
57822,21,A57
10979,21,A57
44675,21,A57
6647,21,A57
37175,21,A57
12097,21,A57
8436,21,A57
32033,21,A57
42108,21,A57
11185,21,A57
37596,21,A57
38888,21,A57
36377,21,A57
11385,21,A57
38267,21,A57
38044,21,A57
6367,21,A57
54593,21,A57
20143,21,A57
20485,21,A57
41454,21,A57
21169,21,A57
44400,21,A57
36486,21,A57
57389,21,A57
41988,21,A57
39568,21,A57
54104,21,A57
19058,21,A57
37127,21,A57
54014,21,A57
11369,21,A57
31902,21,A57
8996,21,A57
42328,21,A57
38482,21,A57
43030,21,A57
42558,21,A57
32193,21,A57
57375,21,A57
51977,21,A57
8377,21,A57
34479,21,A57
8391,21,A57
57245,21,A57
10383,21,A57
31887,21,A57
20536,21,A57
57336,21,A57
36421,21,A57
34327,21,A57
11994,21,A57
54745,21,A57
21195,21,A57
39836,21,A57
38427,21,A57
43932,21,A57
44073,21,A57
34365,21,A57
39816,21,A57
42393,21,A57
41017,11,B8
29508,11,B8
13214,11,B8
61584,11,B8
6971,11,B8
11192,11,B8
2943,11,B8
25243,11,B8
61613,11,B8
14092,11,B8
23906,11,B8
51029,11,B8
21566,11,B8
2551,11,B8
49903,11,B8
52524,11,B8
34764,11,B8
42077,11,B8
31174,11,B8
22219,11,B8
38613,11,B8
28327,11,B8
35666,11,B8
21331,11,B8
14470,11,B8
6706,11,B8
45528,11,B8
42137,11,B8
31355,11,B8
50311,11,B8
29266,11,B8
2239,11,B8
53528,11,B8
33073,11,B8
22411,11,B8
59806,11,B8
61026,11,B8
37721,11,B8
7155,11,B8
16108,11,B8
44852,11,B8
26859,11,B8
24752,11,B8
16140,11,B8
7407,11,B8
41736,11,B8
62000,11,B8
60994,11,B8
34536,11,B8
52342,11,B8
31341,11,B8
35804,11,B8
23827,11,B8
25213,11,B8
37559,11,B8
11163,11,B8
31965,11,B8
38843,11,B8
29219,11,B8
12956,11,B8
43480,11,B8
36398,11,B8
21052,11,B8
53849,11,B8
14415,11,B8
43802,11,B8
60656,11,B8
31936,11,B8
49727,11,B8
21080,11,B8
45306,11,B8
38553,11,B8
2808,11,B8
61230,11,B8
22194,11,B8
14598,11,B8
36354,11,B8
37269,11,B8
52544,11,B8
52394,11,B8
25609,11,B8
56699,11,B8
6538,11,B8
26406,11,B8
21504,11,B8
51051,11,B8
28102,11,B8
24368,11,B8
53357,11,B8
45077,11,B8
33032,11,B8
21242,11,B8
14796,11,B8
33397,11,B8
12600,11,B8
28546,11,B8
31023,11,B8
29146,11,B8
62686,11,B8
50502,11,B8
31083,11,B8
36700,11,B8
37901,11,B8
31836,11,B8
34402,11,B8
30012,11,B8
28404,11,B8
14979,11,B8
45108,11,B8
21452,11,B8
62368,11,B8
2959,11,B8
33216,11,B8
39915,11,B8
63009,11,B8
52584,11,B8
30543,11,B8
53734,11,B8
31147,11,B8
56514,11,B8
17779,11,B8
31521,11,B8
60346,11,B8
13791,11,B8
13962,11,B8
13653,11,B8
51863,11,B8
35852,11,B8
29122,11,B8
50055,11,B8
61424,11,B8
49911,11,B8
38673,11,B8
3508,11,B8
52489,11,B8
62233,11,B8
23471,11,B8
49653,11,B8
17839,11,B8
12685,11,B8
33011,11,B8
31599,11,B8
6215,11,B8
41550,11,B8
6188,11,B8
44605,11,B8
10801,11,B8
31161,11,B8
52289,11,B8
37092,11,B8
46043,19,A5
52443,19,A5
54325,19,A5
30531,19,A5
38070,19,A5
7774,19,A5
62969,19,A5
44637,19,A5
35483,19,A5
47150,19,A5
45021,19,A5
31604,19,A5
46155,19,A5
43928,19,A5
30272,19,A5
48904,19,A5
24408,19,A5
39393,19,A5
33387,19,A5
8834,19,A5
23775,19,A5
10279,19,A5
54432,19,A5
21628,19,A5
30787,19,A5
29982,19,A5
8147,19,A5
60491,19,A5
41493,19,A5
61688,19,A5
60873,19,A5
42842,19,A5
18926,19,A5
63146,19,A5
29926,19,A5
37151,19,A5
44920,19,A5
62852,19,A5
36235,19,A5
21568,19,A5
46366,19,A5
24200,19,A5
12973,19,A5
33124,19,A5
34944,19,A5
24349,19,A5
62203,19,A5
51912,19,A5
39134,19,A5
6194,19,A5
54612,19,A5
38926,19,A5
14635,19,A5
51727,19,A5
22802,19,A5
30135,19,A5
34650,19,A5
9457,19,A5
32501,19,A5
48478,19,A5
35915,19,A5
59713,19,A5
6128,19,A5
60029,19,A5
38949,19,A5
32571,19,A5
28610,19,A5
40321,19,A5
48296,19,A5
54590,19,A5
36988,19,A5
45862,19,A5
8909,19,A5
46188,19,A5
54080,19,A5
32288,19,A5
28884,19,A5
33821,19,A5
40193,19,A5
19925,19,A5
52545,19,A5
52615,19,A5
39656,19,A5
29606,19,A5
41778,19,A5
6360,19,A5
23998,19,A5
43890,19,A5
32819,19,A5
47117,19,A5
48313,19,A5
8443,19,A5
39441,19,A5
14779,19,A5
51181,19,A5
42999,19,A5
14725,19,A5
7987,19,A5
43947,19,A5
6378,19,A5
46616,19,A5
45463,19,A5
54601,19,A5
9913,19,A5
9264,19,A5
51979,19,A5
54201,19,A5
8643,19,A5
9625,19,A5
22090,19,A5
6449,19,A5
8398,19,A5
8192,19,A5
60209,19,A5
46122,19,A5
37489,19,A5
29422,19,A5
52096,19,A5
19590,19,A5
61748,19,A5
42351,19,A5
60449,19,A5
14471,19,A5
29455,19,A5
48837,19,A5
21592,19,A5
62792,19,A5
32362,19,A5
9116,19,A5
28950,19,A5
40510,19,A5
45643,19,A5
54361,19,A5
46012,19,A5
44722,19,A5
23918,19,A5
36950,19,A5
8073,19,A5
6659,19,A5
40489,19,A5
45880,19,A5
38332,19,A5
28788,19,A5
6263,19,A5
10192,19,A5
6342,19,A5
8304,19,A5
36713,19,A5
52605,19,A5
13358,19,A5
33236,4,A11
39949,4,A11
22244,4,A11
31771,4,A11
21625,4,A11
57518,4,A11
32718,4,A11
38100,4,A11
31728,4,A11
62589,4,A11
40102,4,A11
41849,4,A11
62972,4,A11
37603,4,A11
44427,4,A11
30297,4,A11
30257,4,A11
37365,4,A11
29642,4,A11
21589,4,A11
58009,4,A11
43567,4,A11
1273,4,A11
32076,4,A11
20958,4,A11
57972,4,A11
62222,4,A11
45399,4,A11
63136,4,A11
19514,4,A11
35381,4,A11
41952,4,A11
22386,4,A11
36821,4,A11
29785,4,A11
35722,4,A11
47395,4,A11
21202,4,A11
60423,4,A11
60736,4,A11
31842,4,A11
36472,4,A11
741,4,A11
61031,4,A11
54143,4,A11
8918,4,A11
22361,4,A11
45056,4,A11
39629,4,A11
43023,4,A11
11081,4,A11
1036,4,A11
32495,4,A11
40144,4,A11
38990,4,A11
59798,4,A11
36319,4,A11
33326,4,A11
44232,4,A11
35887,4,A11
63081,4,A11
9204,4,A11
36984,4,A11
41431,4,A11
44750,4,A11
19530,4,A11
23533,4,A11
39343,4,A11
42878,4,A11
41011,4,A11
30907,4,A11
11017,4,A11
8728,4,A11
32934,4,A11
54817,4,A11
854,4,A11
21830,4,A11
40848,4,A11
383,4,A11
41094,4,A11
61143,4,A11
558,4,A11
41684,4,A11
35339,4,A11
62388,4,A11
57673,4,A11
44122,4,A11
44782,4,A11
61796,4,A11
22925,4,A11
20073,4,A11
55391,4,A11
61632,4,A11
22576,4,A11
32319,4,A11
22206,4,A11
54918,4,A11
62253,4,A11
57995,4,A11
60128,4,A11
8843,4,A11
30317,4,A11
20007,4,A11
22470,4,A11
34369,4,A11
1374,4,A11
30982,4,A11
29987,4,A11
34560,4,A11
62283,4,A11
62780,4,A11
54703,4,A11
37693,4,A11
9815,4,A11
61781,4,A11
39365,4,A11
42839,4,A11
40731,4,A11
21541,4,A11
60088,4,A11
880,4,A11
22664,4,A11
61220,4,A11
41287,4,A11
38397,4,A11
35274,4,A11
8453,4,A11
55310,4,A11
62987,4,A11
54825,4,A11
59811,4,A11
23482,4,A11
54994,4,A11
22296,4,A11
397,4,A11
42700,4,A11
45650,4,A11
35911,4,A11
61960,4,A11
44861,4,A11
984,4,A11
10790,4,A11
32390,4,A11
29770,4,A11
10058,4,A11
643,4,A11
60323,4,A11
62206,4,A11
62448,4,A11
63001,4,A11
22152,8,C-
57620,8,C-
61672,8,C-
32472,8,C-
32213,8,C-
29921,8,C-
6133,8,C-
26762,8,C-
21973,8,C-
39849,8,C-
14879,8,C-
60903,8,C-
60124,8,C-
19653,8,C-
13547,8,C-
14071,8,C-
19830,8,C-
2884,8,C-
59755,8,C-
38902,8,C-
22712,8,C-
3152,8,C-
15059,8,C-
28717,8,C-
29292,8,C-
10832,8,C-
37641,8,C-
29704,8,C-
7598,8,C-
42102,8,C-
46713,8,C-
3402,8,C-
47296,8,C-
30901,8,C-
29125,8,C-
12560,8,C-
25106,8,C-
31135,8,C-
7530,8,C-
10402,8,C-
21157,8,C-
30526,8,C-
51872,8,C-
37119,8,C-
2684,8,C-
11157,8,C-
41491,8,C-
13665,8,C-
30168,8,C-
12729,8,C-
62657,8,C-
61971,8,C-
15508,8,C-
61762,8,C-
35462,8,C-
15746,8,C-
61261,8,C-
39951,8,C-
50904,8,C-
14738,8,C-
34409,8,C-
46641,8,C-
29091,8,C-
54086,8,C-
22781,8,C-
22619,8,C-
55240,8,C-
26564,8,C-
35770,8,C-
54064,8,C-
42427,8,C-
22606,8,C-
54320,8,C-
59937,8,C-
35793,8,C-
15780,8,C-
37166,8,C-
62384,8,C-
24785,8,C-
47483,8,C-
22753,8,C-
44143,8,C-
38665,8,C-
26317,8,C-
3452,8,C-
32370,8,C-
60002,8,C-
43333,8,C-
10123,8,C-
42362,8,C-
10704,8,C-
34605,8,C-
44817,8,C-
35701,8,C-
21838,8,C-
24272,8,C-
29180,8,C-
60687,8,C-
40610,8,C-
29045,8,C-
57931,8,C-
37382,8,C-
24257,8,C-
32100,8,C-
12452,8,C-
32054,8,C-
48521,8,C-
57971,8,C-
27034,8,C-
9853,8,C-
59859,8,C-
62399,8,C-
39367,8,C-
37965,8,C-
48323,8,C-
9113,8,C-
43458,8,C-
38312,8,C-
14648,8,C-
62429,8,C-
24212,8,C-
52104,8,C-
47227,8,C-
2510,8,C-
61732,8,C-
60762,8,C-
28212,8,C-
37337,8,C-
44863,8,C-
41866,8,C-
44530,8,C-
28735,8,C-
50289,8,C-
46050,8,C-
60516,8,C-
46114,8,C-
43965,8,C-
29256,8,C-
21017,8,C-
41345,8,C-
22841,8,C-
45906,8,C-
41570,8,C-
23358,8,C-
24122,8,C-
60222,8,C-
7677,8,C-
59846,8,C-
7626,8,C-
48390,8,C-
38961,24,other
49751,24,other
40647,24,other
39455,24,other
2864,24,other
47727,24,other
40668,24,other
27138,24,other
18208,24,other
33316,24,other
27234,24,other
25833,24,other
26885,24,other
50139,24,other
54489,24,other
36179,24,other
39317,24,other
26959,24,other
16666,24,other
27299,24,other
18083,24,other
25941,24,other
9207,24,other
51816,24,other
39219,24,other
39864,24,other
3062,24,other
18307,24,other
18417,24,other
52044,24,other
27031,24,other
1347,24,other
27320,24,other
26577,24,other
40417,24,other
40138,24,other
40992,24,other
3163,24,other
40988,24,other
36246,24,other
10451,24,other
27080,24,other
16633,24,other
18412,24,other
26868,24,other
39601,24,other
18234,24,other
27137,24,other
41040,24,other
35648,24,other
9980,24,other
18627,24,other
36468,24,other
39223,24,other
17297,24,other
40184,24,other
9372,24,other
1395,24,other
9296,24,other
16513,24,other
18508,24,other
40415,24,other
39621,24,other
38115,24,other
51844,24,other
26738,24,other
40875,24,other
36337,24,other
52511,24,other
2540,24,other
35741,24,other
17966,24,other
3249,24,other
27134,24,other
2509,24,other
17991,24,other
36860,24,other
38619,24,other
26504,24,other
40271,24,other
40099,24,other
11083,24,other
28230,24,other
17996,24,other
27101,24,other
26229,24,other
39291,24,other
40228,24,other
16591,24,other
40728,24,other
35763,24,other
25812,24,other
39573,24,other
26296,24,other
25810,24,other
51261,24,other
49765,24,other
25664,24,other
29740,24,other
25813,24,other
49797,24,other
26774,24,other
32158,24,other
26685,24,other
40785,24,other
36883,24,other
18322,24,other
10172,24,other
11601,24,other
49853,24,other
27318,24,other
18621,24,other
25697,24,other
55913,24,other
39222,24,other
40624,24,other
35881,24,other
18088,24,other
36793,24,other
35930,24,other
26485,24,other
2898,24,other
51273,24,other
27268,24,other
11702,24,other
16682,24,other
50068,24,other
62103,24,other
27322,24,other
49923,24,other
371,24,other
25854,24,other
51778,24,other
62151,24,other
39248,24,other
10452,24,other
27117,24,other
11196,24,other
38764,24,other
18432,24,other
49885,24,other
36770,24,other
16506,24,other
3235,24,other
35929,24,other
36794,24,other
38785,24,other
27114,24,other
38133,24,other
10462,24,other
55443,12,A98
31989,12,A98
41794,12,A98
60500,12,A98
36936,12,A98
26114,12,A98
38610,12,A98
55184,12,A98
44166,12,A98
42225,12,A98
22513,12,A98
14331,12,A98
48174,12,A98
62120,12,A98
42527,12,A98
37808,12,A98
57877,12,A98
36852,12,A98
54603,12,A98
25038,12,A98
61568,12,A98
37628,12,A98
54644,12,A98
12302,12,A98
34167,12,A98
62261,12,A98
6636,12,A98
9456,12,A98
61318,12,A98
31268,12,A98
37296,12,A98
40150,12,A98
54289,12,A98
6673,12,A98
63169,12,A98
21668,12,A98
26797,12,A98
22417,12,A98
48015,12,A98
60445,12,A98
13994,12,A98
30631,12,A98
22239,12,A98
24982,12,A98
47059,12,A98
3209,12,A98
44237,12,A98
2572,12,A98
37700,12,A98
55432,12,A98
34252,12,A98
41573,12,A98
41970,12,A98
22441,12,A98
39853,12,A98
62088,12,A98
7600,12,A98
61024,12,A98
37507,12,A98
12204,12,A98
57413,12,A98
58143,12,A98
61699,12,A98
47245,12,A98
58080,12,A98
38423,12,A98
32220,12,A98
60992,12,A98
13930,12,A98
24375,12,A98
15945,12,A98
54592,12,A98
34802,12,A98
62803,12,A98
19568,12,A98
9374,12,A98
12796,12,A98
26761,12,A98
11743,12,A98
39210,12,A98
62058,12,A98
57777,12,A98
57200,12,A98
22465,12,A98
9608,12,A98
46872,12,A98
36874,12,A98
11697,12,A98
36394,12,A98
44787,12,A98
40656,12,A98
53968,12,A98
23528,12,A98
42326,12,A98
33488,12,A98
21777,12,A98
34570,12,A98
7336,12,A98
31656,12,A98
30668,12,A98
61288,12,A98
46994,12,A98
20350,12,A98
47619,12,A98
43041,12,A98
38732,12,A98
29789,12,A98
19633,12,A98
26725,12,A98
57917,12,A98
35202,12,A98
12616,12,A98
11823,12,A98
15233,12,A98
41644,12,A98
12877,12,A98
30430,12,A98
20694,12,A98
26890,12,A98
26418,12,A98
60541,12,A98
47210,12,A98
12894,12,A98
3291,12,A98
47176,12,A98
62231,12,A98
57483,12,A98
31903,12,A98
26946,12,A98
22618,12,A98
30721,12,A98
26527,12,A98
38776,12,A98
44146,12,A98
57133,12,A98
55134,12,A98
35967,12,A98
25147,12,A98
19667,12,A98
30281,12,A98
61953,12,A98
13806,12,A98
33376,12,A98
9704,12,A98
25236,12,A98
25523,12,A98
60960,12,A98
22871,12,A98
16441,12,A98
44465,12,A98
37486,2,B4
6495,2,B4
42609,2,B4
57716,2,B4
10299,2,B4
63180,2,B4
9849,2,B4
41611,2,B4
10088,2,B4
60595,2,B4
32531,2,B4
60064,2,B4
20255,2,B4
10805,2,B4
39676,2,B4
37730,2,B4
41109,2,B4
9449,2,B4
57189,2,B4
43964,2,B4
60036,2,B4
33365,2,B4
33439,2,B4
33800,2,B4
54174,2,B4
8558,2,B4
54332,2,B4
39699,2,B4
45200,2,B4
8872,2,B4
34814,2,B4
57256,2,B4
40712,2,B4
30007,2,B4
34961,2,B4
57838,2,B4
32232,2,B4
41079,2,B4
39204,2,B4
43888,2,B4
41330,2,B4
36057,2,B4
9238,2,B4
30279,2,B4
62163,2,B4
30773,2,B4
39438,2,B4
59997,2,B4
30719,2,B4
20492,2,B4
61403,2,B4
35723,2,B4
42374,2,B4
36276,2,B4
19317,2,B4
30666,2,B4
57895,2,B4
57641,2,B4
61329,2,B4
42813,2,B4
10057,2,B4
41582,2,B4
20000,2,B4
37336,2,B4
8754,2,B4
62147,2,B4
20968,2,B4
62084,2,B4
61269,2,B4
62578,2,B4
54185,2,B4
10026,2,B4
55009,2,B4
62099,2,B4
43648,2,B4
40486,2,B4
61755,2,B4
32994,2,B4
38770,2,B4
60498,2,B4
37928,2,B4
31413,2,B4
10009,2,B4
44411,2,B4
36209,2,B4
60456,2,B4
44685,2,B4
29934,2,B4
43797,2,B4
33015,2,B4
35700,2,B4
33917,2,B4
43332,2,B4
35912,2,B4
6458,2,B4
44196,2,B4
35296,2,B4
33602,2,B4
37694,2,B4
30556,2,B4
44719,2,B4
20574,2,B4
32120,2,B4
58019,2,B4
39582,2,B4
42453,2,B4
38398,2,B4
20203,2,B4
33219,2,B4
31048,2,B4
37381,2,B4
57829,2,B4
37640,2,B4
31871,2,B4
44783,2,B4
61523,2,B4
277,2,B4
31987,2,B4
62990,2,B4
60524,2,B4
57471,2,B4
60412,2,B4
32815,2,B4
43249,2,B4
60956,2,B4
36430,2,B4
20798,2,B4
39462,2,B4
44816,2,B4
35586,2,B4
36232,2,B4
35150,2,B4
54847,2,B4
44495,2,B4
43475,2,B4
43945,2,B4
35402,2,B4
45104,2,B4
62725,2,B4
61607,2,B4
54140,2,B4
34005,2,B4
33670,2,B4
37197,2,B4
10831,2,B4
37081,2,B4
33057,2,B4
62508,2,B4
31249,2,B4
34097,2,B4
45772,16,A19
40451,16,A19
62258,16,A19
57239,16,A19
30749,16,A19
15679,16,A19
38652,16,A19
26817,16,A19
15633,16,A19
44433,16,A19
15978,16,A19
15389,16,A19
46823,16,A19
9764,16,A19
38692,16,A19
44911,16,A19
38931,16,A19
11638,16,A19
37954,16,A19
38999,16,A19
22281,16,A19
38672,16,A19
34362,16,A19
41495,16,A19
26910,16,A19
47060,16,A19
40678,16,A19
61756,16,A19
52439,16,A19
15649,16,A19
34909,16,A19
36591,16,A19
36066,16,A19
35074,16,A19
29095,16,A19
6398,16,A19
23995,16,A19
32363,16,A19
28527,16,A19
10231,16,A19
38734,16,A19
22113,16,A19
62116,16,A19
34992,16,A19
33313,16,A19
29708,16,A19
60864,16,A19
38092,16,A19
9924,16,A19
14366,16,A19
54375,16,A19
26350,16,A19
34951,16,A19
11604,16,A19
44517,16,A19
11291,16,A19
51857,16,A19
43302,16,A19
60897,16,A19
10153,16,A19
9715,16,A19
21340,16,A19
24477,16,A19
26167,16,A19
60771,16,A19
15304,16,A19
34457,16,A19
35286,16,A19
38372,16,A19
25703,16,A19
57278,16,A19
30678,16,A19
45107,16,A19
37972,16,A19
54263,16,A19
24574,16,A19
41509,16,A19
47485,16,A19
6313,16,A19
10137,16,A19
44756,16,A19
14417,16,A19
14029,16,A19
44071,16,A19
47094,16,A19
24870,16,A19
62890,16,A19
45989,16,A19
62195,16,A19
22563,16,A19
44604,16,A19
10358,16,A19
15496,16,A19
54339,16,A19
21388,16,A19
41481,16,A19
14636,16,A19
23083,16,A19
21187,16,A19
13329,16,A19
26456,16,A19
20629,16,A19
61389,16,A19
24435,16,A19
9047,16,A19
13841,16,A19
24138,16,A19
9173,16,A19
36720,16,A19
38552,16,A19
37189,16,A19
61860,16,A19
9747,16,A19
32272,16,A19
14013,16,A19
28768,16,A19
14510,16,A19
35432,16,A19
41930,16,A19
36263,16,A19
46679,16,A19
22574,16,A19
29796,16,A19
21501,16,A19
52065,16,A19
46147,16,A19
44673,16,A19
23188,16,A19
37828,16,A19
37140,16,A19
43634,16,A19
43479,16,A19
23531,16,A19
62100,16,A19
46341,16,A19
14318,16,A19
6453,16,A19
40982,16,A19
23706,16,A19
47110,16,A19
8999,16,A19
47263,16,A19
35509,16,A19
29765,16,A19
23307,16,A19
61845,16,A19
28758,16,A19
32502,16,A19
41840,16,A19
62040,16,A19
50936,6,B22
33337,6,B22
33356,6,B22
961,6,B22
38890,6,B22
39666,6,B22
29293,6,B22
51212,6,B22
27108,6,B22
19876,6,B22
28764,6,B22
44014,6,B22
29903,6,B22
57007,6,B22
34283,6,B22
31660,6,B22
12643,6,B22
24146,6,B22
57370,6,B22
47504,6,B22
15432,6,B22
1065,6,B22
44711,6,B22
14165,6,B22
14135,6,B22
57107,6,B22
53508,6,B22
53972,6,B22
25546,6,B22
44824,6,B22
53445,6,B22
52226,6,B22
35942,6,B22
52612,6,B22
52820,6,B22
32223,6,B22
48018,6,B22
53220,6,B22
25073,6,B22
47487,6,B22
19544,6,B22
34320,6,B22
56954,6,B22
43374,6,B22
28853,6,B22
40662,6,B22
53954,6,B22
15227,6,B22
26469,6,B22
25141,6,B22
12521,6,B22
29511,6,B22
34632,6,B22
26898,6,B22
546,6,B22
29662,6,B22
23456,6,B22
47964,6,B22
51006,6,B22
15468,6,B22
43465,6,B22
53792,6,B22
8596,6,B22
13628,6,B22
24621,6,B22
25321,6,B22
6043,6,B22
7689,6,B22
7940,6,B22
33576,6,B22
46718,6,B22
38377,6,B22
44915,6,B22
51202,6,B22
14908,6,B22
38558,6,B22
14461,6,B22
53926,6,B22
27211,6,B22
57042,6,B22
31897,6,B22
20210,6,B22
57226,6,B22
7390,6,B22
28201,6,B22
47436,6,B22
7258,6,B22
46417,6,B22
48072,6,B22
39451,6,B22
47368,6,B22
53741,6,B22
53292,6,B22
53625,6,B22
50814,6,B22
33540,6,B22
6704,6,B22
35070,6,B22
28976,6,B22
29022,6,B22
57098,6,B22
53004,6,B22
23231,6,B22
19322,6,B22
12557,6,B22
30111,6,B22
23940,6,B22
53929,6,B22
49970,6,B22
57080,6,B22
31581,6,B22
14313,6,B22
43638,6,B22
43244,6,B22
687,6,B22
32071,6,B22
53184,6,B22
29114,6,B22
52268,6,B22
51049,6,B22
34180,6,B22
28118,6,B22
50884,6,B22
46575,6,B22
46772,6,B22
29719,6,B22
39357,6,B22
42590,6,B22
20464,6,B22
57140,6,B22
14486,6,B22
25709,6,B22
52336,6,B22
52677,6,B22
46488,6,B22
39403,6,B22
35990,6,B22
23972,6,B22
313,6,B22
53859,6,B22
12229,6,B22
23844,6,B22
36501,6,B22
52170,6,B22
6902,6,B22
50290,6,B22
53714,6,B22
26498,6,B22
49961,6,B22
51059,6,B22
35350,9,B34
25662,9,B34
35371,9,B34
8605,9,B34
20323,9,B34
20954,9,B34
62157,9,B34
36150,9,B34
46208,9,B34
36764,9,B34
35709,9,B34
46707,9,B34
48826,9,B34
36937,9,B34
2971,9,B34
3527,9,B34
14281,9,B34
6307,9,B34
45933,9,B34
25490,9,B34
30896,9,B34
63147,9,B34
3432,9,B34
15215,9,B34
55416,9,B34
48746,9,B34
8389,9,B34
32889,9,B34
57950,9,B34
3627,9,B34
28050,9,B34
62401,9,B34
57614,9,B34
13566,9,B34
3039,9,B34
19691,9,B34
60058,9,B34
9431,9,B34
6872,9,B34
14346,9,B34
6082,9,B34
45682,9,B34
60196,9,B34
37493,9,B34
13483,9,B34
57640,9,B34
33877,9,B34
36569,9,B34
2956,9,B34
3356,9,B34
37665,9,B34
30540,9,B34
61077,9,B34
46315,9,B34
8038,9,B34
54253,9,B34
61545,9,B34
60168,9,B34
28178,9,B34
35431,9,B34
25598,9,B34
6467,9,B34
61943,9,B34
37236,9,B34
29992,9,B34
46582,9,B34
45766,9,B34
38179,9,B34
55289,9,B34
13634,9,B34
46743,9,B34
25769,9,B34
35306,9,B34
34571,9,B34
37971,9,B34
63079,9,B34
7053,9,B34
26311,9,B34
62018,9,B34
3704,9,B34
3216,9,B34
33009,9,B34
38336,9,B34
46014,9,B34
61263,9,B34
6504,9,B34
2731,9,B34
20049,9,B34
12083,9,B34
11174,9,B34
3812,9,B34
34513,9,B34
25385,9,B34
46689,9,B34
25550,9,B34
61353,9,B34
3616,9,B34
57958,9,B34
15232,9,B34
30085,9,B34
55265,9,B34
26864,9,B34
35992,9,B34
9306,9,B34
9138,9,B34
37343,9,B34
62236,9,B34
15456,9,B34
14913,9,B34
9217,9,B34
2717,9,B34
26002,9,B34
58109,9,B34
7939,9,B34
21199,9,B34
55538,9,B34
48271,9,B34
8946,9,B34
62266,9,B34
21186,9,B34
57741,9,B34
32929,9,B34
34656,9,B34
9447,9,B34
2658,9,B34
11532,9,B34
31184,9,B34
30467,9,B34
39237,9,B34
7968,9,B34
62488,9,B34
21145,9,B34
33155,9,B34
11696,9,B34
26647,9,B34
58088,9,B34
11234,9,B34
45965,9,B34
36351,9,B34
54390,9,B34
34991,9,B34
62941,9,B34
46157,9,B34
45646,9,B34
26483,9,B34
8336,9,B34
28062,9,B34
13883,9,B34
13385,9,B34
54997,9,B34
34808,20,D-
43938,20,D-
53296,20,D-
28393,20,D-
18194,20,D-
51092,20,D-
9505,20,D-
41134,20,D-
23619,20,D-
22339,20,D-
47257,20,D-
23651,20,D-
29458,20,D-
51068,20,D-
23571,20,D-
35860,20,D-
45849,20,D-
13136,20,D-
37976,20,D-
42928,20,D-
7827,20,D-
40078,20,D-
6682,20,D-
15939,20,D-
52208,20,D-
47647,20,D-
15525,20,D-
6771,20,D-
6417,20,D-
40926,20,D-
47120,20,D-
43136,20,D-
47021,20,D-
47872,20,D-
28156,20,D-
9353,20,D-
9438,20,D-
30235,20,D-
8164,20,D-
41829,20,D-
7737,20,D-
53008,20,D-
41196,20,D-
42476,20,D-
15987,20,D-
45951,20,D-
52780,20,D-
24847,20,D-
52927,20,D-
22313,20,D-
34682,20,D-
15810,20,D-
23828,20,D-
28419,20,D-
18209,20,D-
23891,20,D-
30215,20,D-
28617,20,D-
43434,20,D-
47204,20,D-
56151,20,D-
42274,20,D-
53161,20,D-
32522,20,D-
43206,20,D-
15826,20,D-
47291,20,D-
43720,20,D-
33752,20,D-
7164,20,D-
15725,20,D-
9606,20,D-
46532,20,D-
6646,20,D-
32592,20,D-
42504,20,D-
20225,20,D-
56318,20,D-
43847,20,D-
13204,20,D-
52762,20,D-
53170,20,D-
39602,20,D-
43791,20,D-
42395,20,D-
56530,20,D-
23539,20,D-
33044,20,D-
32399,20,D-
52180,20,D-
14753,20,D-
8003,20,D-
53359,20,D-
38963,20,D-
12964,20,D-
31053,20,D-
6608,20,D-
34518,20,D-
15178,20,D-
7960,20,D-
43328,20,D-
44680,20,D-
28205,20,D-
39554,20,D-
20344,20,D-
53251,20,D-
28993,20,D-
30098,20,D-
6699,20,D-
28738,20,D-
35884,20,D-
47737,20,D-
19950,20,D-
47546,20,D-
30275,20,D-
12157,20,D-
53629,20,D-
46352,20,D-
53233,20,D-
46032,20,D-
11197,20,D-
6348,20,D-
44611,20,D-
52306,20,D-
33279,20,D-
30195,20,D-
10014,20,D-
24067,20,D-
24235,20,D-
33169,20,D-
24633,20,D-
18253,20,D-
29517,20,D-
20119,20,D-
29446,20,D-
11703,20,D-
43311,20,D-
9718,20,D-
22171,20,D-
41844,20,D-
56710,20,D-
53224,20,D-
41540,20,D-
41975,20,D-
33520,20,D-
53044,20,D-
27922,20,D-
21882,20,D-
43032,20,D-
42603,20,D-
24495,13,A55
53740,13,A55
33005,13,A55
53570,13,A55
32385,13,A55
38167,13,A55
30673,13,A55
44207,13,A55
25498,13,A55
29416,13,A55
29745,13,A55
47406,13,A55
50521,13,A55
40577,13,A55
16595,13,A55
28505,13,A55
40517,13,A55
2399,13,A55
56784,13,A55
52239,13,A55
20190,13,A55
22037,13,A55
52225,13,A55
45962,13,A55
37581,13,A55
51999,13,A55
48827,13,A55
40953,13,A55
37833,13,A55
12379,13,A55
49836,13,A55
47083,13,A55
22761,13,A55
24789,13,A55
52551,13,A55
7082,13,A55
55988,13,A55
26153,13,A55
14033,13,A55
26568,13,A55
49674,13,A55
15240,13,A55
28319,13,A55
25211,13,A55
26204,13,A55
48763,13,A55
41004,13,A55
23107,13,A55
48519,13,A55
53749,13,A55
47270,13,A55
49780,13,A55
25762,13,A55
27088,13,A55
22135,13,A55
32631,13,A55
53192,13,A55
50971,13,A55
12903,13,A55
7052,13,A55
32351,13,A55
26321,13,A55
14439,13,A55
28953,13,A55
20173,13,A55
51818,13,A55
22065,13,A55
7036,13,A55
48708,13,A55
30032,13,A55
30089,13,A55
43579,13,A55
50792,13,A55
12448,13,A55
56104,13,A55
46704,13,A55
14952,13,A55
32507,13,A55
53021,13,A55
45297,13,A55
53111,13,A55
24929,13,A55
15620,13,A55
28653,13,A55
51884,13,A55
28415,13,A55
13710,13,A55
50294,13,A55
22965,13,A55
16158,13,A55
22695,13,A55
32865,13,A55
50801,13,A55
29124,13,A55
27289,13,A55
52712,13,A55
37995,13,A55
15966,13,A55
48897,13,A55
52859,13,A55
56196,13,A55
27731,13,A55
12112,13,A55
46848,13,A55
25167,13,A55
51795,13,A55
2503,13,A55
47287,13,A55
16557,13,A55
25623,13,A55
11850,13,A55
14802,13,A55
25196,13,A55
13937,13,A55
15464,13,A55
27793,13,A55
11866,13,A55
53381,13,A55
27105,13,A55
23809,13,A55
46492,13,A55
47049,13,A55
2792,13,A55
52591,13,A55
24887,13,A55
50448,13,A55
22079,13,A55
15342,13,A55
56295,13,A55
48647,13,A55
24859,13,A55
37923,13,A55
15870,13,A55
23418,13,A55
39688,13,A55
52400,13,A55
49731,13,A55
23729,13,A55
48631,13,A55
24080,13,A55
7353,13,A55
38484,13,A55
51774,13,A55
23401,13,A55
47440,13,A55
51176,13,A55
13906,13,A55
25043,13,A55
29383,13,A55
56329,13,A55
24081,18,A33
48349,18,A33
25083,18,A33
16278,18,A33
18895,18,A33
38039,18,A33
51991,18,A33
7434,18,A33
24248,18,A33
7514,18,A33
24845,18,A33
55730,18,A33
27975,18,A33
30847,18,A33
24033,18,A33
18466,18,A33
7375,18,A33
47152,18,A33
29895,18,A33
32611,18,A33
37341,18,A33
31265,18,A33
7583,18,A33
29658,18,A33
20609,18,A33
6721,18,A33
19864,18,A33
56091,18,A33
56074,18,A33
46548,18,A33
32903,18,A33
46334,18,A33
19939,18,A33
19144,18,A33
18222,18,A33
24709,18,A33
36347,18,A33
7361,18,A33
48495,18,A33
48432,18,A33
55969,18,A33
37699,18,A33
30536,18,A33
24263,18,A33
25544,18,A33
27711,18,A33
7152,18,A33
29613,18,A33
24830,18,A33
18183,18,A33
39704,18,A33
17950,18,A33
48097,18,A33
18011,18,A33
48298,18,A33
14459,18,A33
33628,18,A33
24277,18,A33
36933,18,A33
18882,18,A33
47409,18,A33
37735,18,A33
20196,18,A33
46915,18,A33
7556,18,A33
56034,18,A33
35447,18,A33
39111,18,A33
45901,18,A33
33263,18,A33
36607,18,A33
45767,18,A33
34757,18,A33
55722,18,A33
6793,18,A33
46351,18,A33
16239,18,A33
38160,18,A33
17838,18,A33
27675,18,A33
56888,18,A33
14642,18,A33
6107,18,A33
6686,18,A33
23279,18,A33
55714,18,A33
24551,18,A33
24680,18,A33
57105,18,A33
20110,18,A33
39303,18,A33
25242,18,A33
27963,18,A33
6064,18,A33
46961,18,A33
55644,18,A33
25823,18,A33
18351,18,A33
38142,18,A33
34433,18,A33
47221,18,A33
6198,18,A33
37009,18,A33
39136,18,A33
55858,18,A33
18291,18,A33
36760,18,A33
29988,18,A33
17894,18,A33
55561,18,A33
55500,18,A33
34610,18,A33
27750,18,A33
25424,18,A33
32843,18,A33
24631,18,A33
19810,18,A33
19738,18,A33
6703,18,A33
25656,18,A33
47341,18,A33
6632,18,A33
15935,18,A33
33373,18,A33
6056,18,A33
15242,18,A33
19175,18,A33
45557,18,A33
20400,18,A33
24396,18,A33
18421,18,A33
34736,18,A33
30278,18,A33
18036,18,A33
31155,18,A33
18239,18,A33
6882,18,A33
6420,18,A33
18426,18,A33
55738,18,A33
27857,18,A33
38369,18,A33
45919,18,A33
19389,18,A33
23228,18,A33
27891,18,A33
18122,18,A33
34799,18,A33
26677,18,A33
56934,18,A33
50155,17,A20
24921,17,A20
51754,17,A20
50959,17,A20
26609,17,A20
36091,17,A20
50455,17,A20
13796,17,A20
35457,17,A20
6892,17,A20
55994,17,A20
52071,17,A20
23590,17,A20
14951,17,A20
14158,17,A20
26825,17,A20
49589,17,A20
13219,17,A20
16302,17,A20
18947,17,A20
6603,17,A20
12590,17,A20
18405,17,A20
51215,17,A20
11865,17,A20
24022,17,A20
47118,17,A20
56018,17,A20
56314,17,A20
18460,17,A20
56309,17,A20
18365,17,A20
51770,17,A20
16109,17,A20
26991,17,A20
50606,17,A20
46459,17,A20
13624,17,A20
51225,17,A20
15481,17,A20
48078,17,A20
49802,17,A20
55807,17,A20
15134,17,A20
55767,17,A20
12852,17,A20
49741,17,A20
16077,17,A20
53073,17,A20
39053,17,A20
46563,17,A20
45271,17,A20
19034,17,A20
51751,17,A20
53523,17,A20
23508,17,A20
52638,17,A20
25488,17,A20
14081,17,A20
48916,17,A20
52579,17,A20
50579,17,A20
27076,17,A20
52458,17,A20
23558,17,A20
26192,17,A20
49890,17,A20
46107,17,A20
39624,17,A20
24086,17,A20
45846,17,A20
43998,17,A20
50887,17,A20
46866,17,A20
46882,17,A20
23146,17,A20
14887,17,A20
35928,17,A20
43466,17,A20
49955,17,A20
27280,17,A20
56195,17,A20
24501,17,A20
25518,17,A20
23024,17,A20
13658,17,A20
24636,17,A20
18465,17,A20
50065,17,A20
25729,17,A20
18853,17,A20
19018,17,A20
56709,17,A20
52333,17,A20
50519,17,A20
46494,17,A20
40161,17,A20
16366,17,A20
46349,17,A20
14305,17,A20
53091,17,A20
13057,17,A20
49728,17,A20
53720,17,A20
45299,17,A20
44056,17,A20
55939,17,A20
50312,17,A20
23199,17,A20
55867,17,A20
56099,17,A20
13921,17,A20
52482,17,A20
26519,17,A20
26445,17,A20
13025,17,A20
27199,17,A20
23182,17,A20
53343,17,A20
47969,17,A20
50570,17,A20
48415,17,A20
39339,17,A20
45285,17,A20
36133,17,A20
18788,17,A20
35168,17,A20
7161,17,A20
16013,17,A20
49786,17,A20
7341,17,A20
14871,17,A20
52012,17,A20
13507,17,A20
25677,17,A20
56248,17,A20
12709,17,A20
7191,17,A20
45813,17,A20
13936,17,A20
24487,17,A20
23831,17,A20
51097,17,A20
12327,17,A20
49920,17,A20
52947,17,A20
53289,17,A20
51801,17,A20
45182,17,A20
53442,17,A20
55285,22,B44
34161,22,B44
39108,22,B44
54051,22,B44
19027,22,B44
35196,22,B44
9312,22,B44
52364,22,B44
60878,22,B44
36949,22,B44
62161,22,B44
39206,22,B44
44463,22,B44
44217,22,B44
37025,22,B44
52284,22,B44
41559,22,B44
55627,22,B44
37624,22,B44
34316,22,B44
61962,22,B44
34943,22,B44
57513,22,B44
37183,22,B44
61476,22,B44
10217,22,B44
55524,22,B44
30542,22,B44
20413,22,B44
20747,22,B44
55261,22,B44
42088,22,B44
62113,22,B44
33480,22,B44
40932,22,B44
51821,22,B44
62812,22,B44
9925,22,B44
37167,22,B44
35278,22,B44
30264,22,B44
63164,22,B44
44636,22,B44
41318,22,B44
55152,22,B44
42073,22,B44
62375,22,B44
61416,22,B44
10968,22,B44
51953,22,B44
55401,22,B44
8669,22,B44
54367,22,B44
61401,22,B44
38191,22,B44
58090,22,B44
9241,22,B44
57780,22,B44
40062,22,B44
58104,22,B44
32222,22,B44
40279,22,B44
59725,22,B44
35725,22,B44
19596,22,B44
41897,22,B44
19628,22,B44
9032,22,B44
44834,22,B44
34670,22,B44
34487,22,B44
40361,22,B44
60395,22,B44
55104,22,B44
39996,22,B44
9700,22,B44
61535,22,B44
31532,22,B44
55252,22,B44
61723,22,B44
57769,22,B44
33870,22,B44
30634,22,B44
38456,22,B44
54128,22,B44
19662,22,B44
54343,22,B44
33854,22,B44
19105,22,B44
39157,22,B44
43213,22,B44
44802,22,B44
61312,22,B44
57430,22,B44
35771,22,B44
36211,22,B44
60090,22,B44
41702,22,B44
44753,22,B44
20720,22,B44
60104,22,B44
35217,22,B44
42223,22,B44
30469,22,B44
42525,22,B44
38836,22,B44
38686,22,B44
41158,22,B44
40774,22,B44
60909,22,B44
54279,22,B44
41031,22,B44
20071,22,B44
57486,22,B44
43386,22,B44
43611,22,B44
8654,22,B44
54960,22,B44
57821,22,B44
55269,22,B44
61753,22,B44
40899,22,B44
41464,22,B44
35237,22,B44
57402,22,B44
10122,22,B44
60298,22,B44
35321,22,B44
62678,22,B44
34607,22,B44
54493,22,B44
57992,22,B44
36712,22,B44
38366,22,B44
57500,22,B44
9887,22,B44
34115,22,B44
19545,22,B44
60256,22,B44
20296,22,B44
34628,22,B44
42455,22,B44
60522,22,B44
54379,22,B44
34007,22,B44
37323,22,B44
35938,22,B44
20038,22,B44
37428,22,B44
37822,22,B44
16383,23,A31
47687,23,A31
26297,23,A31
15348,23,A31
47651,23,A31
50254,23,A31
47759,23,A31
15263,23,A31
16038,23,A31
50800,23,A31
16118,23,A31
49779,23,A31
53225,23,A31
14719,23,A31
49635,23,A31
50030,23,A31
48154,23,A31
52910,23,A31
16297,23,A31
52982,23,A31
17953,23,A31
16284,23,A31
47993,23,A31
53549,23,A31
53782,23,A31
18709,23,A31
53666,23,A31
56251,23,A31
18038,23,A31
26668,23,A31
50848,23,A31
56199,23,A31
50960,23,A31
53387,23,A31
50828,23,A31
17326,23,A31
49929,23,A31
47876,23,A31
15942,23,A31
47908,23,A31
26596,23,A31
16166,23,A31
18665,23,A31
53737,23,A31
50048,23,A31
18739,23,A31
50688,23,A31
27718,23,A31
49722,23,A31
17428,23,A31
17827,23,A31
18118,23,A31
18515,23,A31
17290,23,A31
53594,23,A31
53027,23,A31
16504,23,A31
16134,23,A31
50353,23,A31
17435,23,A31
15990,23,A31
16323,23,A31
47723,23,A31
18062,23,A31
56263,23,A31
27901,23,A31
18586,23,A31
27913,23,A31
16349,23,A31
18659,23,A31
15658,23,A31
16542,23,A31
16589,23,A31
18604,23,A31
49875,23,A31
18214,23,A31
16528,23,A31
17433,23,A31
53648,23,A31
52973,23,A31
18539,23,A31
27267,23,A31
53495,23,A31
48171,23,A31
53423,23,A31
53036,23,A31
16219,23,A31
16193,23,A31
56211,23,A31
15742,23,A31
53081,23,A31
50214,23,A31
56164,23,A31
49771,23,A31
15331,23,A31
56221,23,A31
52790,23,A31
16495,23,A31
50363,23,A31
52598,23,A31
50757,23,A31
27673,23,A31
18616,23,A31
27790,23,A31
27064,23,A31
56327,23,A31
50333,23,A31
14809,23,A31
56158,23,A31
27169,23,A31
50264,23,A31
48119,23,A31
50717,23,A31
17890,23,A31
53072,23,A31
17974,23,A31
49649,23,A31
52628,23,A31
51132,23,A31
53810,23,A31
27834,23,A31
56152,23,A31
52718,23,A31
49749,23,A31
47811,23,A31
56312,23,A31
18622,23,A31
50420,23,A31
26281,23,A31
14755,23,A31
16625,23,A31
50990,23,A31
16611,23,A31
16535,23,A31
48048,23,A31
16597,23,A31
48066,23,A31
14629,23,A31
18005,23,A31
18079,23,A31
53405,23,A31
53261,23,A31
49827,23,A31
48286,23,A31
53822,23,A31
53522,23,A31
50668,23,A31
50950,23,A31
15776,23,A31
27738,23,A31
54131,14,B27
40154,14,B27
9706,14,B27
43940,14,B27
62637,14,B27
61085,14,B27
33639,14,B27
56523,14,B27
43031,14,B27
47868,14,B27
57109,14,B27
54076,14,B27
47199,14,B27
57478,14,B27
39425,14,B27
62439,14,B27
33551,14,B27
38594,14,B27
43999,14,B27
38635,14,B27
36426,14,B27
36728,14,B27
12562,14,B27
54065,14,B27
41974,14,B27
44747,14,B27
44210,14,B27
42139,14,B27
33729,14,B27
37301,14,B27
41619,14,B27
21976,14,B27
61742,14,B27
54321,14,B27
54418,14,B27
43135,14,B27
35107,14,B27
56581,14,B27
46926,14,B27
21106,14,B27
37208,14,B27
21425,14,B27
11468,14,B27
48688,14,B27
22347,14,B27
6168,14,B27
21134,14,B27
57557,14,B27
42573,14,B27
21709,14,B27
8880,14,B27
30086,14,B27
62394,14,B27
57126,14,B27
13261,14,B27
9283,14,B27
62086,14,B27
61211,14,B27
43877,14,B27
38519,14,B27
61196,14,B27
45425,14,B27
60819,14,B27
54382,14,B27
30541,14,B27
8941,14,B27
56571,14,B27
31703,14,B27
56602,14,B27
45762,14,B27
45914,14,B27
8850,14,B27
34900,14,B27
56544,14,B27
30882,14,B27
31611,14,B27
23996,14,B27
9339,14,B27
22128,14,B27
32221,14,B27
46957,14,B27
38234,14,B27
31067,14,B27
62756,14,B27
23868,14,B27
9195,14,B27
46257,14,B27
38980,14,B27
36316,14,B27
27852,14,B27
28155,14,B27
22205,14,B27
8910,14,B27
37377,14,B27
62304,14,B27
46971,14,B27
11900,14,B27
34372,14,B27
41753,14,B27
56035,14,B27
39777,14,B27
61361,14,B27
43056,14,B27
12249,14,B27
47785,14,B27
26326,14,B27
44228,14,B27
34753,14,B27
48528,14,B27
21600,14,B27
41960,14,B27
21489,14,B27
37392,14,B27
45051,14,B27
26863,14,B27
36136,14,B27
42587,14,B27
27809,14,B27
41425,14,B27
36073,14,B27
11341,14,B27
33423,14,B27
9754,14,B27
30263,14,B27
61712,14,B27
21078,14,B27
40454,14,B27
11388,14,B27
33404,14,B27
21829,14,B27
54054,14,B27
32304,14,B27
23240,14,B27
25474,14,B27
41693,14,B27
54358,14,B27
37224,14,B27
34879,14,B27
35742,14,B27
62697,14,B27
55978,14,B27
62949,14,B27
12418,14,B27
39069,14,B27
62349,14,B27
48870,14,B27
37240,14,B27
60712,14,B27
26409,14,B27
38095,14,B27
52363,7,A8
61933,7,A8
44176,7,A8
23879,7,A8
10148,7,A8
29161,7,A8
20922,7,A8
13615,7,A8
38272,7,A8
28401,7,A8
15960,7,A8
29512,7,A8
23623,7,A8
46195,7,A8
60925,7,A8
23492,7,A8
53149,7,A8
42173,7,A8
29035,7,A8
12099,7,A8
21618,7,A8
9105,7,A8
62178,7,A8
24224,7,A8
38134,7,A8
46320,7,A8
24007,7,A8
42562,7,A8
62421,7,A8
25175,7,A8
61694,7,A8
52017,7,A8
50932,7,A8
8507,7,A8
13897,7,A8
47634,7,A8
44989,7,A8
48617,7,A8
8322,7,A8
1172,7,A8
12543,7,A8
10440,7,A8
14829,7,A8
21740,7,A8
26215,7,A8
8051,7,A8
47312,7,A8
42332,7,A8
27786,7,A8
42008,7,A8
9862,7,A8
21534,7,A8
966,7,A8
50306,7,A8
14912,7,A8
56524,7,A8
61358,7,A8
736,7,A8
59944,7,A8
20106,7,A8
40079,7,A8
28606,7,A8
28203,7,A8
25341,7,A8
41184,7,A8
41092,7,A8
8492,7,A8
61432,7,A8
15473,7,A8
38702,7,A8
13649,7,A8
26687,7,A8
60862,7,A8
39387,7,A8
13701,7,A8
44042,7,A8
14376,7,A8
1057,7,A8
12453,7,A8
52337,7,A8
12366,7,A8
53041,7,A8
20072,7,A8
11962,7,A8
63193,7,A8
14411,7,A8
28426,7,A8
45784,7,A8
51791,7,A8
9057,7,A8
40377,7,A8
45257,7,A8
11130,7,A8
44614,7,A8
16181,7,A8
40483,7,A8
9398,7,A8
40035,7,A8
30170,7,A8
52969,7,A8
26098,7,A8
50422,7,A8
28166,7,A8
44889,7,A8
21482,7,A8
39969,7,A8
25717,7,A8
41355,7,A8
13277,7,A8
1031,7,A8
13632,7,A8
50901,7,A8
25491,7,A8
15180,7,A8
29306,7,A8
43606,7,A8
49987,7,A8
28075,7,A8
43703,7,A8
40828,7,A8
44682,7,A8
11914,7,A8
48554,7,A8
22511,7,A8
40421,7,A8
39991,7,A8
37817,7,A8
42023,7,A8
12579,7,A8
823,7,A8
24837,7,A8
37853,7,A8
25956,7,A8
28490,7,A8
44732,7,A8
44699,7,A8
25892,7,A8
41384,7,A8
38378,7,A8
13353,7,A8
16008,7,A8
60955,7,A8
8554,7,A8
29023,7,A8
50132,7,A8
62753,7,A8
23526,7,A8
8348,7,A8
16233,7,A8
38344,7,A8
3604,3,B1
915,3,B1
203,3,B1
3974,3,B1
902,3,B1
3380,3,B1
3503,3,B1
863,3,B1
3714,3,B1
3454,3,B1
824,3,B1
980,3,B1
796,3,B1
3021,3,B1
3215,3,B1
2454,3,B1
2922,3,B1
2439,3,B1
967,3,B1
2729,3,B1
2297,3,B1
2757,3,B1
2817,3,B1
3354,3,B1
3418,3,B1
2563,3,B1
2283,3,B1
3053,3,B1
2338,3,B1
3082,3,B1
393,3,B1
2482,3,B1
3648,3,B1
3525,3,B1
3125,3,B1
3594,3,B1
3549,3,B1
2220,3,B1
2179,3,B1
1032,3,B1
2353,3,B1
954,3,B1
2381,3,B1
3111,3,B1
3141,3,B1
3256,3,B1
767,3,B1
3171,3,B1
3874,3,B1
524,3,B1
3863,3,B1
2514,3,B1
3068,3,B1
253,3,B1
3725,3,B1
3820,3,B1
3538,3,B1
421,3,B1
3780,3,B1
464,3,B1
3703,3,B1
3393,3,B1
334,3,B1
2192,3,B1
3406,3,B1
349,3,B1
3830,3,B1
3340,3,B1
3670,3,B1
3810,3,B1
3573,3,B1
3312,3,B1
3626,3,B1
3852,3,B1
3270,3,B1
837,3,B1
850,3,B1
2701,3,B1
2423,3,B1
3896,3,B1
3681,3,B1
3985,3,B1
810,3,B1
3790,3,B1
2985,3,B1
782,3,B1
3952,3,B1
2409,3,B1
3637,3,B1
3941,3,B1
2498,3,B1
993,3,B1
3096,3,B1
2854,3,B1
479,3,B1
2640,3,B1
2835,3,B1
539,3,B1
3659,3,B1
737,3,B1
379,3,B1
2325,3,B1
554,3,B1
2939,3,B1
2743,3,B1
3930,3,B1
3186,3,B1
3918,3,B1
2395,3,B1
3003,3,B1
3466,3,B1
364,3,B1
3692,3,B1
752,3,B1
3491,3,B1
407,3,B1
2625,3,B1
266,3,B1
2715,3,B1
227,3,B1
279,3,B1
3200,3,B1
3430,3,B1
292,3,B1
2468,3,B1
3963,3,B1
2270,3,B1
3747,3,B1
1006,3,B1
3367,3,B1
3800,3,B1
2368,3,B1
2672,3,B1
2787,3,B1
240,3,B1
3615,3,B1
1019,3,B1
3297,3,B1
2546,3,B1
3242,3,B1
3229,3,B1
2530,3,B1
1045,3,B1
2580,3,B1
2970,3,B1
3907,3,B1
1058,3,B1
1083,3,B1
214,3,B1
3561,3,B1
